{"cameraMode":{"drawMode":0,"name":"Shaded","section":"Shading Mode"},"sceneLighting":false,"audioPlay":false,"sceneViewState":{"showFog":true,"showMaterialUpdate":false,"showSkybox":true,"showFlares":true,"showImageEffects":true,"showParticleSystems":true},"in2DMode":false,"pivot":{"x":-0.006535053253173828,"y":0.3231050968170166,"z":3.311161518096924},"rotation":{"x":0.06478012353181839,"y":0.6776541471481323,"z":-0.06012774631381035,"w":0.7300500869750977},"size":22.131607055664064,"orthographic":false}